store,rmse,mae,r2,best_iter
CA_1,0.48467422597695603,0.36667156895159503,0.5461835467856027,708
CA_2,0.49814046877571827,0.3829280106675209,0.49686751048242583,202
CA_3,0.5214777812307524,0.398764017274824,0.5905951014885495,386
CA_4,0.43840456079020396,0.32587492512081995,0.4303993151572555,746
TX_1,0.439028455252115,0.32399240403394947,0.5362585919611467,850
TX_2,0.46581158830876934,0.3551465265058425,0.5487270182812727,839
TX_3,0.45435420432990414,0.33953673032801673,0.5586822524383123,686
WI_1,0.46866297287956765,0.3578148997086384,0.514930959800358,927
WI_2,0.4841095643165805,0.3512309071663633,0.6093583459060954,300
WI_3,0.45017271196339353,0.3311966703262226,0.5782659448526517,215
